dataset_dir,base,tile_id,method,family,source_kind,trajectory_theta_deg,mask_separation,corr_with_rec,unified_score
generated_from_source,C15D5P001_1,1,FFT Pipeline,FFT,file,20.27066879,0.24907689,0.54784406,0.33870704
generated_from_source,C15D5P001_1,1,Chirplet Transform,FFT-like/Wavelet,dynamic,20.27066879,0.03642624,0.90728633,0.29768427
generated_from_source,C15D5P001_1,1,Gabor Transform,FFT-like/Wavelet,dynamic,20.27066879,0.03887892,0.87977176,0.29114677
generated_from_source,C15D5P001_1,1,Morlet Wavelet,FFT-like/Wavelet,dynamic,20.27066879,0.03887892,0.87977176,0.29114677
generated_from_source,C15D5P001_1,1,CNN-style ConvBank + SVD Rank-40,SVD,file,20.27066879,0.03984328,0.79182123,0.26543666
generated_from_source,C15D5P001_1,1,SVD Energy-99%,SVD,file,20.27066879,0.02347289,0.94317729,0.29938421
generated_from_source,C15D5P001_1,1,SVD Rank-20,SVD,file,20.27066879,0.02197857,0.94019827,0.29744448
generated_from_source,C15D5P001_1,2,FFT Pipeline,FFT,file,27.38880894,0.27748677,0.56109737,0.36256995
generated_from_source,C15D5P001_1,2,Chirplet Transform,FFT-like/Wavelet,dynamic,27.38880894,0.02795589,0.91246092,0.29330740
generated_from_source,C15D5P001_1,2,Gabor Transform,FFT-like/Wavelet,dynamic,27.38880894,0.03946946,0.88252791,0.29238700
generated_from_source,C15D5P001_1,2,Morlet Wavelet,FFT-like/Wavelet,dynamic,27.38880894,0.03946946,0.88252791,0.29238700
generated_from_source,C15D5P001_1,2,CNN-style ConvBank + SVD Rank-40,SVD,file,27.38880894,0.03881061,0.79632761,0.26606571
generated_from_source,C15D5P001_1,2,SVD Energy-99%,SVD,file,27.38880894,0.02306336,0.94231567,0.29883906
generated_from_source,C15D5P001_1,2,SVD Rank-20,SVD,file,27.38880894,0.02259595,0.93899118,0.29751452
generated_from_source,C15D5P001_1,3,FFT Pipeline,FFT,file,25.38962754,0.26767169,0.49447597,0.33571297
generated_from_source,C15D5P001_1,3,Chirplet Transform,FFT-like/Wavelet,dynamic,25.38962754,0.02075574,0.89764000,0.28382102
generated_from_source,C15D5P001_1,3,Gabor Transform,FFT-like/Wavelet,dynamic,25.38962754,0.02716057,0.86732809,0.27921083
generated_from_source,C15D5P001_1,3,Morlet Wavelet,FFT-like/Wavelet,dynamic,25.38962754,0.02716057,0.86732809,0.27921083
generated_from_source,C15D5P001_1,3,CNN-style ConvBank + SVD Rank-40,SVD,file,25.38962754,0.02782915,0.76942899,0.25030910
generated_from_source,C15D5P001_1,3,SVD Energy-99%,SVD,file,25.38962754,0.01192554,0.93899596,0.29004666
generated_from_source,C15D5P001_1,3,SVD Rank-20,SVD,file,25.38962754,0.01083060,0.92805173,0.28599694
generated_from_source,C15D5P001_1,4,FFT Pipeline,FFT,file,17.86240431,0.29605735,0.52669207,0.36524777
generated_from_source,C15D5P001_1,4,Chirplet Transform,FFT-like/Wavelet,dynamic,17.86240431,0.03727099,0.91453802,0.30045110
generated_from_source,C15D5P001_1,4,Gabor Transform,FFT-like/Wavelet,dynamic,17.86240431,0.04352667,0.87275757,0.29229594
generated_from_source,C15D5P001_1,4,Morlet Wavelet,FFT-like/Wavelet,dynamic,17.86240431,0.04352667,0.87275757,0.29229594
generated_from_source,C15D5P001_1,4,CNN-style ConvBank + SVD Rank-40,SVD,file,17.86240431,0.04397377,0.75321561,0.25674632
generated_from_source,C15D5P001_1,4,SVD Energy-99%,SVD,file,17.86240431,0.03461126,0.95669672,0.31123690
generated_from_source,C15D5P001_1,4,SVD Rank-20,SVD,file,17.86240431,0.03322975,0.95060403,0.30844204
generated_from_source,C15D5P001_1,5,FFT Pipeline,FFT,file,4.57397614,0.32594019,0.44662495,0.36214562
generated_from_source,C15D5P001_1,5,Chirplet Transform,FFT-like/Wavelet,dynamic,4.57397614,0.00000000,0.89234042,0.26770212
generated_from_source,C15D5P001_1,5,Gabor Transform,FFT-like/Wavelet,dynamic,4.57397614,0.00000000,0.87557466,0.26267240
generated_from_source,C15D5P001_1,5,Morlet Wavelet,FFT-like/Wavelet,dynamic,4.57397614,0.00000000,0.87557466,0.26267240
generated_from_source,C15D5P001_1,5,CNN-style ConvBank + SVD Rank-40,SVD,file,4.57397614,0.00474024,0.80702264,0.24542496
generated_from_source,C15D5P001_1,5,SVD Energy-99%,SVD,file,4.57397614,0.00000000,0.95770299,0.28731090
generated_from_source,C15D5P001_1,5,SVD Rank-20,SVD,file,4.57397614,0.00042277,0.95191933,0.28587174
generated_from_source,C15D5P001_1,6,FFT Pipeline,FFT,file,2.48316396,0.31278845,0.47596181,0.36174046
generated_from_source,C15D5P001_1,6,Chirplet Transform,FFT-like/Wavelet,dynamic,2.48316396,0.00000000,0.88567872,0.26570362
generated_from_source,C15D5P001_1,6,Gabor Transform,FFT-like/Wavelet,dynamic,2.48316396,0.00000000,0.85870675,0.25761203
generated_from_source,C15D5P001_1,6,Morlet Wavelet,FFT-like/Wavelet,dynamic,2.48316396,0.00000000,0.85870675,0.25761203
generated_from_source,C15D5P001_1,6,CNN-style ConvBank + SVD Rank-40,SVD,file,2.48316396,0.00201457,0.77373473,0.23353062
generated_from_source,C15D5P001_1,6,SVD Energy-99%,SVD,file,2.48316396,0.00000000,0.94675436,0.28402631
generated_from_source,C15D5P001_1,6,SVD Rank-20,SVD,file,2.48316396,0.00000000,0.93540999,0.28062300
generated_from_source,C15D5P001_1,7,FFT Pipeline,FFT,file,-2.05797491,0.30650101,0.51116587,0.36790047
generated_from_source,C15D5P001_1,7,Chirplet Transform,FFT-like/Wavelet,dynamic,-2.05797491,0.00209067,0.88559736,0.26714268
generated_from_source,C15D5P001_1,7,Gabor Transform,FFT-like/Wavelet,dynamic,-2.05797491,0.00000000,0.87710255,0.26313076
generated_from_source,C15D5P001_1,7,Morlet Wavelet,FFT-like/Wavelet,dynamic,-2.05797491,0.00000000,0.87710255,0.26313076
generated_from_source,C15D5P001_1,7,CNN-style ConvBank + SVD Rank-40,SVD,file,-2.05797491,0.00675356,0.80852897,0.24728618
generated_from_source,C15D5P001_1,7,SVD Energy-99%,SVD,file,-2.05797491,0.00000000,0.95090963,0.28527289
generated_from_source,C15D5P001_1,7,SVD Rank-20,SVD,file,-2.05797491,0.00133230,0.94561895,0.28461829
generated_from_source,C15D5P001_1,8,FFT Pipeline,FFT,file,-11.43119043,0.23932819,0.49794368,0.31691283
generated_from_source,C15D5P001_1,8,Chirplet Transform,FFT-like/Wavelet,dynamic,-11.43119043,0.04283850,0.89918837,0.29974346
generated_from_source,C15D5P001_1,8,Gabor Transform,FFT-like/Wavelet,dynamic,-11.43119043,0.05141080,0.87279599,0.29782636
generated_from_source,C15D5P001_1,8,Morlet Wavelet,FFT-like/Wavelet,dynamic,-11.43119043,0.05141080,0.87279599,0.29782636
generated_from_source,C15D5P001_1,8,CNN-style ConvBank + SVD Rank-40,SVD,file,-11.43119043,0.04204451,0.78478920,0.26486791
generated_from_source,C15D5P001_1,8,SVD Energy-99%,SVD,file,-11.43119043,0.02350318,0.93752255,0.29770899
generated_from_source,C15D5P001_1,8,SVD Rank-20,SVD,file,-11.43119043,0.02315029,0.93089183,0.29547275
generated_from_source,C15D5P001_1,9,FFT Pipeline,FFT,file,-15.60302146,0.22559294,0.52123350,0.31428511
generated_from_source,C15D5P001_1,9,Chirplet Transform,FFT-like/Wavelet,dynamic,-15.60302146,0.03428656,0.87263794,0.28579197
generated_from_source,C15D5P001_1,9,Gabor Transform,FFT-like/Wavelet,dynamic,-15.60302146,0.04399600,0.84501917,0.28430295
generated_from_source,C15D5P001_1,9,Morlet Wavelet,FFT-like/Wavelet,dynamic,-15.60302146,0.04399600,0.84501917,0.28430295
generated_from_source,C15D5P001_1,9,CNN-style ConvBank + SVD Rank-40,SVD,file,-15.60302146,0.04503546,0.78110961,0.26585771
generated_from_source,C15D5P001_1,9,SVD Energy-99%,SVD,file,-15.60302146,0.02677792,0.93150077,0.29819477
generated_from_source,C15D5P001_1,9,SVD Rank-20,SVD,file,-15.60302146,0.02613352,0.92015308,0.29433939
generated_from_source,C15D5P001_1,10,FFT Pipeline,FFT,file,-14.78731694,0.20058930,0.54682088,0.30445878
generated_from_source,C15D5P001_1,10,Chirplet Transform,FFT-like/Wavelet,dynamic,-14.78731694,0.02241856,0.89512467,0.28423039
generated_from_source,C15D5P001_1,10,Gabor Transform,FFT-like/Wavelet,dynamic,-14.78731694,0.02734275,0.87485064,0.28159512
generated_from_source,C15D5P001_1,10,Morlet Wavelet,FFT-like/Wavelet,dynamic,-14.78731694,0.02734275,0.87485064,0.28159512
generated_from_source,C15D5P001_1,10,CNN-style ConvBank + SVD Rank-40,SVD,file,-14.78731694,0.01986809,0.82030556,0.25999933
generated_from_source,C15D5P001_1,10,SVD Energy-99%,SVD,file,-14.78731694,0.01046190,0.95201604,0.29292814
generated_from_source,C15D5P001_1,10,SVD Rank-20,SVD,file,-14.78731694,0.01347780,0.94764738,0.29372867
generated_from_source_picture1,Picture1,1,FFT Pipeline,FFT,file,52.85047322,0.27581870,0.46266491,0.33187257
generated_from_source_picture1,Picture1,1,Chirplet Transform,FFT-like/Wavelet,dynamic,52.85047322,0.02052227,0.92486772,0.29182591
generated_from_source_picture1,Picture1,1,Gabor Transform,FFT-like/Wavelet,dynamic,52.85047322,0.01934508,0.87400048,0.27574170
generated_from_source_picture1,Picture1,1,Morlet Wavelet,FFT-like/Wavelet,dynamic,52.85047322,0.01934508,0.87400048,0.27574170
generated_from_source_picture1,Picture1,1,CNN-style ConvBank + SVD Rank-40,SVD,file,52.85047322,0.02207366,0.77394728,0.24763575
generated_from_source_picture1,Picture1,1,SVD Energy-99%,SVD,file,52.85047322,0.00785141,0.93913514,0.28723653
generated_from_source_picture1,Picture1,1,SVD Rank-20,SVD,file,52.85047322,0.00956231,0.92297605,0.28358644
generated_from_source_picture1,Picture1,2,FFT Pipeline,FFT,file,58.77022402,0.29519709,0.53433405,0.36693818
generated_from_source_picture1,Picture1,2,Chirplet Transform,FFT-like/Wavelet,dynamic,58.77022402,0.08291506,0.92420303,0.33530145
generated_from_source_picture1,Picture1,2,Gabor Transform,FFT-like/Wavelet,dynamic,58.77022402,0.12356862,0.87143097,0.34792732
generated_from_source_picture1,Picture1,2,Morlet Wavelet,FFT-like/Wavelet,dynamic,58.77022402,0.12356862,0.87143097,0.34792732
generated_from_source_picture1,Picture1,2,CNN-style ConvBank + SVD Rank-40,SVD,file,58.77022402,0.09912546,0.77292534,0.30126542
generated_from_source_picture1,Picture1,2,SVD Energy-99%,SVD,file,58.77022402,0.05940757,0.93306548,0.32150494
generated_from_source_picture1,Picture1,2,SVD Rank-20,SVD,file,58.77022402,0.05968500,0.91858313,0.31735444
generated_from_source_picture1,Picture1,3,FFT Pipeline,FFT,file,64.03966896,0.30181384,0.47155981,0.35273763
generated_from_source_picture1,Picture1,3,Chirplet Transform,FFT-like/Wavelet,dynamic,64.03966896,0.06529579,0.92878244,0.32434178
generated_from_source_picture1,Picture1,3,Gabor Transform,FFT-like/Wavelet,dynamic,64.03966896,0.10299495,0.87788269,0.33546127
generated_from_source_picture1,Picture1,3,Morlet Wavelet,FFT-like/Wavelet,dynamic,64.03966896,0.10299495,0.87788269,0.33546127
generated_from_source_picture1,Picture1,3,CNN-style ConvBank + SVD Rank-40,SVD,file,64.03966896,0.07677595,0.77563589,0.28643393
generated_from_source_picture1,Picture1,3,SVD Energy-99%,SVD,file,64.03966896,0.04412938,0.93237280,0.31060241
generated_from_source_picture1,Picture1,3,SVD Rank-20,SVD,file,64.03966896,0.04938949,0.92906153,0.31329110
generated_from_source_picture1,Picture1,4,FFT Pipeline,FFT,file,66.94134532,0.30922747,0.51458396,0.37083442
generated_from_source_picture1,Picture1,4,Chirplet Transform,FFT-like/Wavelet,dynamic,66.94134532,0.05353973,0.92718378,0.31563295
generated_from_source_picture1,Picture1,4,Gabor Transform,FFT-like/Wavelet,dynamic,66.94134532,0.07979646,0.87427159,0.31813900
generated_from_source_picture1,Picture1,4,Morlet Wavelet,FFT-like/Wavelet,dynamic,66.94134532,0.07979646,0.87427159,0.31813900
generated_from_source_picture1,Picture1,4,CNN-style ConvBank + SVD Rank-40,SVD,file,66.94134532,0.06804277,0.77195012,0.27921498
generated_from_source_picture1,Picture1,4,SVD Energy-99%,SVD,file,66.94134532,0.04140367,0.93972289,0.31089944
generated_from_source_picture1,Picture1,4,SVD Rank-20,SVD,file,66.94134532,0.04122099,0.93272411,0.30867192
generated_from_source_picture1,Picture1,5,FFT Pipeline,FFT,file,65.32122606,0.31403312,0.50755276,0.37208901
generated_from_source_picture1,Picture1,5,Chirplet Transform,FFT-like/Wavelet,dynamic,65.32122606,0.08628760,0.93661095,0.34138461
generated_from_source_picture1,Picture1,5,Gabor Transform,FFT-like/Wavelet,dynamic,65.32122606,0.12844629,0.89004822,0.35692687
generated_from_source_picture1,Picture1,5,Morlet Wavelet,FFT-like/Wavelet,dynamic,65.32122606,0.12844629,0.89004822,0.35692687
generated_from_source_picture1,Picture1,5,CNN-style ConvBank + SVD Rank-40,SVD,file,65.32122606,0.09949476,0.78247702,0.30438943
generated_from_source_picture1,Picture1,5,SVD Energy-99%,SVD,file,65.32122606,0.06781694,0.94794165,0.33185435
generated_from_source_picture1,Picture1,5,SVD Rank-20,SVD,file,65.32122606,0.06273181,0.94430006,0.32720228
generated_from_source_picture1,Picture1,6,FFT Pipeline,FFT,file,66.36012249,0.30678057,0.55421303,0.38101031
generated_from_source_picture1,Picture1,6,Chirplet Transform,FFT-like/Wavelet,dynamic,66.36012249,0.10859890,0.93487711,0.35648236
generated_from_source_picture1,Picture1,6,Gabor Transform,FFT-like/Wavelet,dynamic,66.36012249,0.15691709,0.89974244,0.37976469
generated_from_source_picture1,Picture1,6,Morlet Wavelet,FFT-like/Wavelet,dynamic,66.36012249,0.15691709,0.89974244,0.37976469
generated_from_source_picture1,Picture1,6,CNN-style ConvBank + SVD Rank-40,SVD,file,66.36012249,0.12695295,0.79778477,0.32820250
generated_from_source_picture1,Picture1,6,SVD Energy-99%,SVD,file,66.36012249,0.08728702,0.95000048,0.34610106
generated_from_source_picture1,Picture1,6,SVD Rank-20,SVD,file,66.36012249,0.07928874,0.94857083,0.34007337
generated_from_source_picture1,Picture1,7,FFT Pipeline,FFT,file,63.79075756,0.31332283,0.50715008,0.37147100
generated_from_source_picture1,Picture1,7,Chirplet Transform,FFT-like/Wavelet,dynamic,63.79075756,0.06482177,0.92632816,0.32327369
generated_from_source_picture1,Picture1,7,Gabor Transform,FFT-like/Wavelet,dynamic,63.79075756,0.09594242,0.87791678,0.33053473
generated_from_source_picture1,Picture1,7,Morlet Wavelet,FFT-like/Wavelet,dynamic,63.79075756,0.09594242,0.87791678,0.33053473
generated_from_source_picture1,Picture1,7,CNN-style ConvBank + SVD Rank-40,SVD,file,63.79075756,0.08730205,0.77240540,0.29283306
generated_from_source_picture1,Picture1,7,SVD Energy-99%,SVD,file,63.79075756,0.05417102,0.93822562,0.31938740
generated_from_source_picture1,Picture1,7,SVD Rank-20,SVD,file,63.79075756,0.05363954,0.93462839,0.31793619
generated_from_source_picture1,Picture1,8,FFT Pipeline,FFT,file,65.22466925,0.32334198,0.46408487,0.36556485
generated_from_source_picture1,Picture1,8,Chirplet Transform,FFT-like/Wavelet,dynamic,65.22466925,0.07166335,0.92853318,0.32872430
generated_from_source_picture1,Picture1,8,Gabor Transform,FFT-like/Wavelet,dynamic,65.22466925,0.10415325,0.87376714,0.33503742
generated_from_source_picture1,Picture1,8,Morlet Wavelet,FFT-like/Wavelet,dynamic,65.22466925,0.10415325,0.87376714,0.33503742
generated_from_source_picture1,Picture1,8,CNN-style ConvBank + SVD Rank-40,SVD,file,65.22466925,0.08502555,0.75605210,0.28633352
generated_from_source_picture1,Picture1,8,SVD Energy-99%,SVD,file,65.22466925,0.05917788,0.94515985,0.32497247
generated_from_source_picture1,Picture1,8,SVD Rank-20,SVD,file,65.22466925,0.05647253,0.93841541,0.32105539
generated_from_source_picture1,Picture1,9,FFT Pipeline,FFT,file,67.14703958,0.32405802,0.50806578,0.37926035
generated_from_source_picture1,Picture1,9,Chirplet Transform,FFT-like/Wavelet,dynamic,67.14703958,0.09105983,0.92855487,0.34230835
generated_from_source_picture1,Picture1,9,Gabor Transform,FFT-like/Wavelet,dynamic,67.14703958,0.13108521,0.86956006,0.35262767
generated_from_source_picture1,Picture1,9,Morlet Wavelet,FFT-like/Wavelet,dynamic,67.14703958,0.13108521,0.86956006,0.35262767
generated_from_source_picture1,Picture1,9,CNN-style ConvBank + SVD Rank-40,SVD,file,67.14703958,0.10953540,0.76254188,0.30543734
generated_from_source_picture1,Picture1,9,SVD Energy-99%,SVD,file,67.14703958,0.07318600,0.94673876,0.33525182
generated_from_source_picture1,Picture1,9,SVD Rank-20,SVD,file,67.14703958,0.06817140,0.94204511,0.33033351
generated_from_source_picture1,Picture1,10,FFT Pipeline,FFT,file,68.07029575,0.31999918,0.56857288,0.39457129
generated_from_source_picture1,Picture1,10,Chirplet Transform,FFT-like/Wavelet,dynamic,68.07029575,0.11410795,0.92258251,0.35665031
generated_from_source_picture1,Picture1,10,Gabor Transform,FFT-like/Wavelet,dynamic,68.07029575,0.16557255,0.86970734,0.37681299
generated_from_source_picture1,Picture1,10,Morlet Wavelet,FFT-like/Wavelet,dynamic,68.07029575,0.16557255,0.86970734,0.37681299
generated_from_source_picture1,Picture1,10,CNN-style ConvBank + SVD Rank-40,SVD,file,68.07029575,0.13862160,0.77776976,0.33036605
generated_from_source_picture1,Picture1,10,SVD Energy-99%,SVD,file,68.07029575,0.08887553,0.95100169,0.34751338
generated_from_source_picture1,Picture1,10,SVD Rank-20,SVD,file,68.07029575,0.08714719,0.94601993,0.34480901
